Title,Subtitle,Copies,Status,Category
Agastya,Renowned Among the Saptarshi,1,Available,Hindu Deities
Ancient Temples of India,A Pilgrimage to Sacred Shrines,1,Available,History / Biographies
Andhaka,The Dark Lord Who Saw Light,2,Available,Hindu Deities
Ayyappan,The Lord of Shabarimala,2,Available,Hindu Deities
Bhagawat,The Krishna Avatar,1,Available,Hindu Deities
Bheeshma,Selflessness Personified,1,Available,Hindu Deities
Birbal the Genius,Wit and Wisdom at Akbar's Court,1,Available,Children's Fiction
Birbal the Wise,The Adventures of Akbar's Favourite Minister,1,Available,Children's Fiction
Birbal the Witty,Tales of Birbal,1,Available,Children's Fiction
Birbal to the Rescue,The Master Psychologist,1,Available,Children's Fiction
Bird Stories,Jataka Tales of Brains Versus Brawn,1,Available,Children's Fiction / Folktales
Buddhist Stories,Amar Chitra Katha Folktales Series,1,Available,Comics
Choice of Friends,Tales from the Hitopadesha,1,Available,Children's Fiction
Dasha Avatar,The Ten Incarnations of Lord Vishnu,1,Available,Hindu Deities
Deer Stories,The Gentle Wisdom of the Jataka,1,Available,Children's Fiction / Folktales
Devas,Stories of Vedic Deities,1,Available,Hindu Deities
Dhruva and Ashtavakra,They Reached for the Skies,2,Available,Hindu Deities
Divine Beings,"Airavata, Jatayu, Nandi & Others",1,Available,Hindu Deities
Divine Rivers,Stories Of Origin,1,Available,Hindu Deities
Drona,"Valiant Archer, Supreme Teacher",1,Available,Hindu Deities
Elephanta,The Island of Shiva,2,Available,Hindu Deities
Elephant Stories,Jataka Tales of Nobility,1,Available,Children's Fiction / Folktales
Funny Folktales,Amar Chitra Katha Folktales Series,1,Available,Comics
Ganesha,The Remover of All Obstacles,2,Available,Hindu Deities
Ganesha and the Moon,And Other Stories,1,Available,Hindu Deities
Gopal the Jester,The Brilliant Bengali Wit,1,Available,History / Biographies
Hanuman,The Epitome of Devotion and Courage,1,Available,Hindu Deities
Harischandra,The King Who Chose Rags Over Riches,1,Available,Hindu Deities
Indra and Shibi,Tales of the Wise Lord of Heaven,1,Available,Hindu Deities
Kannada Book,Illya Vyapari (ಇಲಿಯ ವ್ಯಾಪಾರಿ),1,Available,Kannada Books
Karna,"Brave, Generous, Ill-Fated Prince",2,Available,Hindu Deities
Karttikeya,A Son of Shiva,2,Available,Hindu Deities
Krishna and Jarasandha,Krishna Outsmarts His Fierce Adversary,1,Available,Hindu Deities
Krishna and Rukmini,A Love That Will Not Be Denied,1,Available,Hindu Deities
Lakshmi,The Goddess of Good Fortune,1,Available,Hindu Deities
Mahadeva,Stories from the Shiva Purana,2,Available,Hindu Deities
Mahatma Gandhi,Father of the Nation,1,Available,History / Biographies
Mirabai,She Gave Her Heart to Krishna,1,Available,Hindu Deities
Monkey Stories 3-In-1,,1,Available,Children's Fiction / Folktales
Nachiketa,A Collection of Stories from the Upanishads,1,Available,Hindu Deities
Nahusha,He Became the King of Heaven,1,Available,Hindu Deities
Nandivishala,Wit and Wisdom from Buddhist Lore,1,Available,Children's Fiction / Folktales
Prahlad,A Tale of Devotion from the Bhagawat Purana,1,Available,Hindu Deities
Rama,Retold from the Ramayana,1,Available,Hindu Deities
Raman of Tenali,The Birbal of the South,1,Available,Children's Fiction
Raman the Matchless Wit,The Adventures of a Unique Court Jester,1,Available,History / Biographies
Ravana Humbled,An Arrogant King Finds New Friends,1,Available,Hindu Deities
Saraswati,Stories of the Goddess of Wisdom,1,Available,Hindu Deities
Sati and Shiva,Perfection Rewarded,2,Available,Hindu Deities
Shakti,Tales of the Mother Goddess,1,Available,Hindu Deities
Shiva Parvati,A Story of Divine Love,2,Available,Hindu Deities
Stories of Courage,Jataka Tales of Valour and Victory,1,Available,Children's Fiction / Folktales
Surya,How the Sun God Was Tamed,1,Available,Hindu Deities
Tales of Balarama,Valiant Brother of Krishna,1,Available,Hindu Deities
Tales of Durga,Tales of the Mother Goddess,1,Available,Hindu Deities
Tales of Giants and Demons,5-in-1,1,Available,Children's Fiction / Folktales
Tales of Narada,Tales of Devotion and Rivalry,2,Available,History / Biographies
Tales of Revolutionaries,5-in-1,1,Available,History / Biographies
Tales of Shiva,The Mighty Lord of Kailasa,2,Available,Hindu Deities
Thanjavur,City of Brihadeeswara,1,Available,History / Biographies
The Blue Umbrella,Stories by Ruskin Bond,1,Available,Children's Fiction
The Churning of the Ocean,Vishnu Saves Creation,1,Available,Hindu Deities
The Fool's Disciples,Tales of Sense and Nonsense,1,Available,Children's Fiction / Folktales
The Giant and the Dwarf,A Jataka Tale of Wit and Wisdom,1,Available,Children's Fiction / Folktales
The Gita,The Song of Eternal Wisdom,1,Available,Hindu Deities
The Hidden Treasure,Wisdom Wins a War,1,Available,Children's Fiction / Folktales
The Inimitable Birbal,"A Friend, Philosopher and Guide to Akbar",1,Available,Children's Fiction
The Pandava Princes,Pandu's Five Brave Sons,1,Available,Hindu Deities
The Three Gurus,"Guru Tegh Bahadur, Guru Nanak, Guru Gobind Singh",1,Available,History / Biographies
Tripura,The Three Impregnable Cities of Maya,3,Available,Hindu Deities
Tulsidas,The Poet Who Wrote Ram-Charit-Manas,1,Available,Hindu Deities
Uloopi,The Naga Princess Who Fell in Love with Arjuna,1,Available,Hindu Deities
Valmiki's Ramayana,The Great Indian Epic,1,Available,Hindu Deities
Vidyasagar,Scholar and Social Reformer of Bengal,1,Available,History / Biographies
Vikramaditya,Courage and Honour Win the Day,1,Available,History / Biographies
Vishwamitra,The King Who Became an Ascetic,1,Available,Hindu Deities
Vivekananda,He Kindled the Spirit of Modern India,1,Available,Biographies / Spiritual
Pictorial Mahabharata 1,,1,Available,Hindu Deities
Pictorial Mahabharata 2,,1,Available,Hindu Deities
Pictorial Mahabharata 3,,1,Available,Hindu Deities
Pictorial Mahabharata 4,,1,Available,Hindu Deities
Pictorial Mahabharata 5,,1,Available,Hindu Deities
Pictorial Stories for Children 11,,1,Available,Children's Stories
Pictorial Stories for Children 13,,1,Available,Children's Stories
Pictorial Stories for Children 14,,1,Available,Children's Stories
Pictorial Stories for Children 18,,1,Available,Children's Stories
Pictorial Stories for Children 22,,1,Available,Children's Stories
Pictorial Stories for Children 2,,1,Available,Children's Stories
Pictorial Stories for Children 4,,1,Available,Children's Stories
Pictorial Stories for Children 7,,1,Available,Children's Stories
Pictorial Stories for Children 8,,1,Available,Children's Stories
Pictorial Stories for Children 17,,1,Available,Children's Stories
Pictorial Stories for Children 20,,1,Available,Children's Stories
Pictorial Stories for Children 23,,1,Available,Children's Stories
Pictorial Stories for Children 25,,1,Available,Children's Stories
Pictorial Stories for Children 1,,1,Available,Children's Stories
Pictorial Stories for Children 6,,1,Available,Children's Stories
Pictorial Stories for Children 10,,1,Available,Children's Stories
In the Month of Kislev,A Story for Hanukkah,1,Available,Children's Fiction
Encyclopedia Brown Cracks the Case,,1,Available,Children's Fiction
Chhota Bheem in The Magical Stairway,,1,Available,Comics
Dhruva,The Story of the Pole Star,1,Available,Hindu Deities
Chaiwala!,The TD Grade One Book Giveaway,1,Available,Children's Fiction
My Little Baby Bear,,1,Available,Children's Fiction
Enid Blyton - Happy Days!,The Adventures of Binkle and Flip,1,Available,Children's Fiction
Atharva Veda,Stories for Children,1,Available,Hindu Deities
Suppandi 7,Fire Away!,1,Available,Comics
Pinki Computer Virus,,1,Available,Comics
Tinkle,Holiday Special 55,1,Available,Comics
Short Stories from Panchatantra,,1,Available,Children's Fiction
Suppandi 4,Tickling the Funny Bone,1,Available,Comics
Swami Vivekananda's Childhood,,1,Available,Biographies / Spiritual
Sri Ramakrishna Tells Stories,,1,Available,Hindu Deities
Tales from Ramakrishna,,1,Available,Hindu Deities
The Story of Vivekananda,,1,Available,Biographies / Spiritual
Swami Vivekananda Pictorial,,1,Available,Biographies / Spiritual
Tales from Vivekananda,,1,Available,Biographies / Spiritual
Sri Ramakrishna,Story for Children,1,Available,Hindu Deities
Hitopadesha,Wilco Picture Library,1,Available,Children's Fiction
Tinkle Double Digest 4,,1,Available,Comics
Tinkle Double Digest 7,,1,Available,Comics
The Champak Story Box Volume 6,,1,Available,Comics
Makkaligagi Sachitra Kathegalu 3,(Kannada) Pictorial Stories for Children,1,Available,Kannada Books
Makkaligagi Sachitra Kathegalu 4,(Kannada) Pictorial Stories for Children,1,Available,Kannada Books
Makkaligagi Sachitra Kathegalu 5,(Kannada) Pictorial Stories for Children,1,Available,Kannada Books
Makkaligagi Sachitra Kathegalu 7,(Kannada) Pictorial Stories for Children,1,Available,Kannada Books
Makkaligagi Sachitra Kathegalu 8,(Kannada) Pictorial Stories for Children,1,Available,Kannada Books
Makkaligagi Sachitra Kathegalu 10,(Kannada) Pictorial Stories for Children,1,Available,Kannada Books
Makkaligagi Sachitra Kathegalu 11,(Kannada) Pictorial Stories for Children,1,Available,Kannada Books
Makkaligagi Sachitra Kathegalu 12,(Kannada) Pictorial Stories for Children,1,Available,Kannada Books
Makkaligagi Sachitra Kathegalu 13,(Kannada) Pictorial Stories for Children,1,Available,Kannada Books
Makkaligagi Sachitra Kathegalu 15,(Kannada) Pictorial Stories for Children,1,Available,Kannada Books
Makkaligagi Sachitra Kathegalu 1,(Kannada) Pictorial Stories for Children,1,Available,Kannada Books
Makkaligagi Sachitra Kathegalu 2,(Kannada) Pictorial Stories for Children,1,Available,Kannada Books
Makkaligagi Sachitra Kathegalu 6,(Kannada) Pictorial Stories for Children,1,Available,Kannada Books
Makkaligagi Sachitra Kathegalu 9,(Kannada) Pictorial Stories for Children,1,Available,Kannada Books
Makkaligagi Sachitra Kathegalu 14,(Kannada) Pictorial Stories for Children,1,Available,Kannada Books
Vikata Kavi Tenali Rama,(Kannada),1,Available,Kannada Books
Chinnara Chitra Ramayana,(Kannada),1,Available,Kannada Books
The Bird with Golden Wings,Stories of Wit and Magic - Sudha Murty,1,Available,Children's Fiction
How the Mango got its Magic,Sudha Murty,1,Available,Children's Fiction
The Sage with Two Horns,Unusual Tales from Mythology - Sudha Murty,1,Available,Hindu Deities
The Magic of the Lost Story,Sudha Murty,1,Available,Children's Fiction
How I Taught my Grandmother to Read and other stories,Sudha Murty,1,Available,Children's Fiction
The Magic of the Lost Temple,Sudha Murty,1,Available,Children's Fiction
Girish Karnad is Karadi the bear,Birth Of Krishna,1,Available,Hindu Deities
Girish Karnad is Karadi the bear,"Hanuman, the Mighty",1,Available,Hindu Deities
Girish Karnad is Karadi the bear,Krishna's Conquests,1,Available,Hindu Deities
Girish Karnad is Karadi the bear,Young Hanuman,1,Available,Hindu Deities
"Hindu Rites, Rituals, Customs & Traditions",,1,Available,Hindu Deities
Values for me - Sympathy,Build Your Character & Conscience,1,Available,Children's Educational / Values
"Virtue Stories - When in doubt, tell the Truth",,1,Available,Children's Educational / Values
Vivekananda,Amar Chitra Katha,1,Available,Comics
The Story of Sarada Devi,,1,Available,Biographies / Spiritual
Tinkle,Where Learning Meets Fun,1,Available,Comics
Hanuman to the Rescue,Hanuman Brings the Sanjeevani,1,Available,Hindu Deities
"Birbal, The Wise",Witty Stories for Children,1,Available,Children's Fiction
Shani Dev,God of Justice,1,Available,Hindu Deities
Legend and Lore,Regional Folktales of India,1,Available,Children's Fiction / Folktales
Tinkle Presents Suppandi & Friends,Let the madness begin!,1,Available,Comics
My First Hanuman Chalisa,,1,Available,Hindu Deities
Jagannatha of Puri,"Dreamt by a King, Sculpted by the Gods",1,Available,Hindu Deities
Chandamama Stories 1,Illustrated Stories of Infotainment for Children & Adults,1,Available,Children's Fiction
Tinkle Origins,,1,Available,Comics
The Mahabharata in Rhyme,,1,Available,Hindu Deities
Scholastic Book of Hindu Gods and Goddesses,,1,Available,Hindu Deities
Devdutt Pattanaik - Vahana,Gods and Their Favourites,1,Available,Hindu Deities
